Base, shoulder, elbow, hand, spd, acc, measure
102, 0, 0, 1.5707963267948966, 1.5707963267948966, 0, 10, 0